{
  "q1_optimal_price_bucket":{
    "bucket_stats":{
      "mean":{
        "$0-5":75.21,
        "$5-10":86.55,
        "$10-20":79.42,
        "$20-60":83.38,
        "$60+":null
      },
      "count":{
        "$0-5":61,
        "$5-10":39,
        "$10-20":44,
        "$20-60":20,
        "$60+":0
      }
    },
    "bucket_vs_rest":{
      "$0-5":{
        "mean":75.21,
        "count":61,
        "p_value":0.381198448,
        "effect_size_d":-0.2015614377
      },
      "$5-10":{
        "mean":86.55,
        "count":39,
        "p_value":0.0014368456,
        "effect_size_d":0.4581118892
      },
      "$10-20":{
        "mean":79.42,
        "count":44,
        "p_value":0.8338872422,
        "effect_size_d":0.0601511774
      },
      "$20-60":{
        "mean":83.38,
        "count":20,
        "p_value":0.9707179681,
        "effect_size_d":0.2478629599
      },
      "$60+":{
        "mean":null,
        "count":0,
        "p_value":null,
        "effect_size_d":null
      }
    }
  },
  "q2_review_speed_targets":{
    "count":200.0,
    "mean":4.8541,
    "std":30.5223,
    "min":0.0111,
    "10%":0.0656,
    "25%":0.1306,
    "50%":0.3556,
    "75%":1.2806,
    "90%":4.35,
    "max":406.1444
  },
  "q3_engagement_targets":{
    "count":200.0,
    "mean":0.000907,
    "std":0.001374,
    "min":0.0,
    "10%":0.000027,
    "25%":0.00012,
    "50%":0.000413,
    "75%":0.000965,
    "90%":0.002328,
    "max":0.007857
  },
  "q4_price_effect_on_sentiment":{
    "slope":4.1101,
    "intercept":70.9217,
    "r":0.2154
  },
  "q5_playtime_effect_on_sentiment":{
    "corr":-0.0098,
    "slope":-0.000069,
    "intercept":78.4273
  },
  "q6_scale_effect_on_sentiment":{
    "corr":-0.0274
  }
}